2010 Census Code,2010 Census Title,O*NET-SOC 2019 Code,O*NET-SOC 2019 Title
10,Chief executives,11-1011.00,Chief Executives
20,General and operations managers,11-1021.00,General and Operations Managers
30,Legislators,11-1031.00,Legislators
40,Advertising and promotions managers,11-2011.00,Advertising and Promotions Managers
50,Marketing and sales managers,11-2022.00,Sales Managers
60,Public relations and fundraising managers,11-2032.00,Public Relations Managers
100,Administrative services managers,11-3012.00,Administrative Services Managers
110,Computer and information systems managers,11-3021.00,Computer and Information Systems Managers
120,Financial managers,11-3031.00,Financial Managers
135,Compensation and benefits managers,11-3111.00,Compensation and Benefits Managers
136,Human resources managers,11-3121.00,Human Resources Managers
137,Training and development managers,11-3131.00,Training and Development Managers
140,Industrial production managers,11-3051.00,Industrial Production Managers
150,Purchasing managers,11-3061.00,Purchasing Managers
160,"Transportation, storage, and distribution managers",11-3071.00,"Transportation, Storage, and Distribution Managers"
205,"Farmers, ranchers, and other agricultural managers",11-9013.00,"Farmers, Ranchers, and Other Agricultural Managers"
220,Construction managers,11-9021.00,Construction Managers
230,Education administrators,11-9032.00,"Education Administrators, Kindergarten through Secondary"
300,Architectural and engineering managers,11-9041.00,Architectural and Engineering Managers
310,Food service managers,11-9051.00,Food Service Managers
325,Funeral service managers,11-9171.00,Funeral Home Managers
330,Gaming managers,11-9071.00,Gambling Managers
340,Lodging managers,11-9081.00,Lodging Managers
350,Medical and health services managers,11-9111.00,Medical and Health Services Managers
360,Natural sciences managers,11-9121.00,Natural Sciences Managers
400,Postmasters and mail superintendents,11-9131.00,Postmasters and Mail Superintendents
410,"Property, real estate, and community association managers",11-9141.00,"Property, Real Estate, and Community Association Managers"
420,Social and community service managers,11-9151.00,Social and Community Service Managers
425,Emergency management directors,11-9161.00,Emergency Management Directors
430,"Managers, all other",13-1082.00,Project Management Specialists
500,"Agents and business managers of artists, performers, and athletes",13-1011.00,"Agents and Business Managers of Artists, Performers, and Athletes"
510,"Buyers and purchasing agents, farm products",13-1021.00,"Buyers and Purchasing Agents, Farm Products"
520,"Wholesale and retail buyers, except farm products",13-1022.00,"Wholesale and Retail Buyers, Except Farm Products"
530,"Purchasing agents, except wholesale, retail, and farm products",13-1023.00,"Purchasing Agents, Except Wholesale, Retail, and Farm Products"
540,"Claims adjusters, appraisers, examiners, and investigators",13-1031.00,"Claims Adjusters, Examiners, and Investigators"
565,Compliance officers,13-1041.00,Compliance Officers
600,Cost estimators,13-1051.00,Cost Estimators
630,Human resources workers,13-1071.00,Human Resources Specialists
640,"Compensation, benefits, and job analysis specialists",13-1141.00,"Compensation, Benefits, and Job Analysis Specialists"
650,Training and development specialists,13-1151.00,Training and Development Specialists
700,Logisticians,13-1081.00,Logisticians
710,Management analysts,13-1111.00,Management Analysts
725,"Meeting, convention, and event planners",13-1121.00,"Meeting, Convention, and Event Planners"
726,Fundraisers,13-1131.00,Fundraisers
735,Market research analysts and marketing specialists,13-1161.00,Market Research Analysts and Marketing Specialists
740,"Business operations specialists, all other",13-1199.00,"Business Operations Specialists, All Other"
800,Accountants and auditors,13-2011.00,Accountants and Auditors
810,Appraisers and assessors of real estate,13-2023.00,Appraisers and Assessors of Real Estate
820,Budget analysts,13-2031.00,Budget Analysts
830,Credit analysts,13-2041.00,Credit Analysts
840,Financial analysts,13-2051.00,Financial and Investment Analysts
850,Personal financial advisors,13-2052.00,Personal Financial Advisors
860,Insurance underwriters,13-2053.00,Insurance Underwriters
900,Financial examiners,13-2061.00,Financial Examiners
910,Credit counselors and loan officers,13-2072.00,Loan Officers
930,"Tax examiners and collectors, and revenue agents",13-2081.00,"Tax Examiners and Collectors, and Revenue Agents"
940,Tax preparers,13-2082.00,Tax Preparers
950,"Financial specialists, all other",13-2099.00,"Financial Specialists, All Other"
1005,Computer and information research scientists,15-1221.00,Computer and Information Research Scientists
1006,Computer systems analysts,15-1211.00,Computer Systems Analysts
1007,Information security analysts,15-1212.00,Information Security Analysts
1010,Computer programmers,15-1251.00,Computer Programmers
1030,Web developers,15-1254.00,Web Developers
1050,Computer support specialists,15-1232.00,Computer User Support Specialists
1060,Database administrators,15-1242.00,Database Administrators
1105,Network and computer systems administrators,15-1244.00,Network and Computer Systems Administrators
1106,Computer network architects,15-1241.00,Computer Network Architects
1107,"Computer occupations, all other",13-1082.00,Project Management Specialists
1200,Actuaries,15-2011.00,Actuaries
1210,Mathematicians,15-2021.00,Mathematicians
1220,Operations research analysts,15-2031.00,Operations Research Analysts
1230,Statisticians,15-2041.00,Statisticians
1240,Miscellaneous mathematical science occupations,15-2051.00,Data Scientists
1300,"Architects, except naval",17-1011.00,"Architects, Except Landscape and Naval"
1310,"Surveyors, cartographers, and photogrammetrists",17-1022.00,Surveyors
1320,Aerospace engineers,17-2011.00,Aerospace Engineers
1330,Agricultural engineers,17-2021.00,Agricultural Engineers
1340,Biomedical engineers,17-2031.00,Bioengineers and Biomedical Engineers
1350,Chemical engineers,17-2041.00,Chemical Engineers
1360,Civil engineers,17-2051.00,Civil Engineers
1400,Computer hardware engineers,17-2061.00,Computer Hardware Engineers
1410,Electrical and electronics engineers,17-2071.00,Electrical Engineers
1420,Environmental engineers,17-2081.00,Environmental Engineers
1430,"Industrial engineers, including health and safety",17-2112.00,Industrial Engineers
1440,Marine engineers and naval architects,17-2121.00,Marine Engineers and Naval Architects
1450,Materials engineers,17-2131.00,Materials Engineers
1460,Mechanical engineers,17-2141.00,Mechanical Engineers
1500,"Mining and geological engineers, including mining safety engineers",17-2151.00,"Mining and Geological Engineers, Including Mining Safety Engineers"
1510,Nuclear engineers,17-2161.00,Nuclear Engineers
1520,Petroleum engineers,17-2171.00,Petroleum Engineers
1530,"Engineers, all other",17-2199.00,"Engineers, All Other"
1540,Drafters,17-3011.00,Architectural and Civil Drafters
1550,"Engineering technicians, except drafters",17-3023.00,Electrical and Electronic Engineering Technologists and Technicians
1560,Surveying and mapping technicians,17-3031.00,Surveying and Mapping Technicians
1600,Agricultural and food scientists,19-1013.00,Soil and Plant Scientists
1610,Biological scientists,19-1029.00,"Biological Scientists, All Other"
1640,Conservation scientists and foresters,19-1031.00,Conservation Scientists
1650,Medical scientists,19-1042.00,"Medical Scientists, Except Epidemiologists"
1660,"Life scientists, all other",19-1099.00,"Life Scientists, All Other"
1700,Astronomers and physicists,19-2012.00,Physicists
1710,Atmospheric and space scientists,19-2021.00,Atmospheric and Space Scientists
1720,Chemists and materials scientists,19-2031.00,Chemists
1740,Environmental scientists and geoscientists,19-2041.00,"Environmental Scientists and Specialists, Including Health"
1760,"Physical scientists, all other",19-2099.00,"Physical Scientists, All Other"
1800,Economists,19-3011.00,Economists
1815,Survey researchers,19-3022.00,Survey Researchers
1820,Psychologists,19-3034.00,School Psychologists
1830,Sociologists,19-3041.00,Sociologists
1840,Urban and regional planners,19-3051.00,Urban and Regional Planners
1860,Miscellaneous social scientists and related workers,19-3099.00,"Social Scientists and Related Workers, All Other"
1900,Agricultural and food science technicians,19-4012.00,Agricultural Technicians
1910,Biological technicians,19-4021.00,Biological Technicians
1920,Chemical technicians,19-4031.00,Chemical Technicians
1930,Geological and petroleum technicians,19-4043.00,"Geological Technicians, Except Hydrologic Technicians"
1940,Nuclear technicians,19-4051.00,Nuclear Technicians
1950,Social science research assistants,19-4061.00,Social Science Research Assistants
1965,"Miscellaneous life, physical, and social science technicians",19-4099.00,"Life, Physical, and Social Science Technicians, All Other"
2000,Counselors,21-1012.00,"Educational, Guidance, and Career Counselors and Advisors"
2010,Social workers,21-1021.00,"Child, Family, and School Social Workers"
2015,Probation officers and correctional treatment specialists,21-1092.00,Probation Officers and Correctional Treatment Specialists
2016,Social and human service assistants,21-1093.00,Social and Human Service Assistants
2040,Clergy,21-2011.00,Clergy
2050,"Directors, religious activities and education",21-2021.00,"Directors, Religious Activities and Education"
2060,"Religious workers, all other",21-2099.00,"Religious Workers, All Other"
2100,Lawyers,23-1011.00,Lawyers
2105,Judicial law clerks,23-1012.00,Judicial Law Clerks
2110,"Judges, magistrates, and other judicial workers",23-1023.00,"Judges, Magistrate Judges, and Magistrates"
2145,Paralegals and legal assistants,23-2011.00,Paralegals and Legal Assistants
2160,Miscellaneous legal support workers,23-2093.00,"Title Examiners, Abstractors, and Searchers"
2200,Postsecondary teachers,25-1071.00,"Health Specialties Teachers, Postsecondary"
2300,Preschool and kindergarten teachers,25-2011.00,"Preschool Teachers, Except Special Education"
2310,Elementary and middle school teachers,25-2021.00,"Elementary School Teachers, Except Special Education"
2320,Secondary school teachers,25-2031.00,"Secondary School Teachers, Except Special and Career/Technical Education"
2330,Special education teachers,25-2056.00,"Special Education Teachers, Elementary School"
2340,Other teachers and instructors,25-3021.00,Self-Enrichment Teachers
2400,"Archivists, curators, and museum technicians",25-4012.00,Curators
2430,Librarians,25-4022.00,Librarians and Media Collections Specialists
2440,Library technicians,25-4031.00,Library Technicians
2540,Teacher assistants,25-9042.00,"Teaching Assistants, Preschool, Elementary, Middle, and Secondary School, Except Special Education"
2600,Artists and related workers,27-1011.00,Art Directors
2630,Designers,27-1024.00,Graphic Designers
2700,Actors,27-2011.00,Actors
2710,Producers and directors,27-2012.00,Producers and Directors
2720,"Athletes, coaches, umpires, and related workers",27-2022.00,Coaches and Scouts
2740,Dancers and choreographers,27-2031.00,Dancers
2750,"Musicians, singers, and related workers",27-2042.00,Musicians and Singers
2760,"Entertainers and performers, sports and related workers, all other",27-2099.00,"Entertainers and Performers, Sports and Related Workers, All Other"
2800,Announcers,27-3011.00,Broadcast Announcers and Radio Disc Jockeys
2810,"News analysts, reporters and correspondents",27-3023.00,"News Analysts, Reporters, and Journalists"
2825,Public relations specialists,27-3031.00,Public Relations Specialists
2830,Editors,27-3041.00,Editors
2840,Technical writers,27-3042.00,Technical Writers
2850,Writers and authors,27-3043.00,Writers and Authors
2860,Miscellaneous media and communication workers,27-3091.00,Interpreters and Translators
2900,Broadcast and sound engineering technicians and radio operators,27-4011.00,Audio and Video Technicians
2910,Photographers,27-4021.00,Photographers
2920,"Television, video, and motion picture camera operators and editors",27-4032.00,Film and Video Editors
2960,"Media and communication equipment workers, all other",27-4099.00,"Media and Communication Equipment Workers, All Other"
3000,Chiropractors,29-1011.00,Chiropractors
3010,Dentists,29-1021.00,"Dentists, General"
3030,Dietitians and nutritionists,29-1031.00,Dietitians and Nutritionists
3040,Optometrists,29-1041.00,Optometrists
3050,Pharmacists,29-1051.00,Pharmacists
3060,Physicians and surgeons,29-1229.00,"Physicians, All Other"
3110,Physician assistants,29-1071.00,Physician Assistants
3120,Podiatrists,29-1081.00,Podiatrists
3140,Audiologists,29-1181.00,Audiologists
3150,Occupational therapists,29-1122.00,Occupational Therapists
3160,Physical therapists,29-1123.00,Physical Therapists
3200,Radiation therapists,29-1124.00,Radiation Therapists
3210,Recreational therapists,29-1125.00,Recreational Therapists
3220,Respiratory therapists,29-1126.00,Respiratory Therapists
3230,Speech-language pathologists,29-1127.00,Speech-Language Pathologists
3235,Exercise physiologists,29-1128.00,Exercise Physiologists
3245,"Therapists, all other",29-1129.00,"Therapists, All Other"
3250,Veterinarians,29-1131.00,Veterinarians
3255,Registered nurses,29-1141.00,Registered Nurses
3256,Nurse anesthetists,29-1151.00,Nurse Anesthetists
3257,Nurse midwives,29-1161.00,Nurse Midwives
3258,Nurse practitioners,29-1171.00,Nurse Practitioners
3260,"Health diagnosing and treating practitioners, all other",29-1299.00,"Healthcare Diagnosing or Treating Practitioners, All Other"
3300,Clinical laboratory technologists and technicians,29-2011.00,Medical and Clinical Laboratory Technologists
3310,Dental hygienists,29-1292.00,Dental Hygienists
3320,Diagnostic related technologists and technicians,29-2034.00,Radiologic Technologists and Technicians
3400,Emergency medical technicians and paramedics,29-2042.00,Emergency Medical Technicians
3420,Health practitioner support technologists and technicians,29-2052.00,Pharmacy Technicians
3500,Licensed practical and licensed vocational nurses,29-2061.00,Licensed Practical and Licensed Vocational Nurses
3510,Medical records and health information technicians,29-2072.00,Medical Records Specialists
3520,"Opticians, dispensing",29-2081.00,"Opticians, Dispensing"
3535,Miscellaneous health technologists and technicians,29-2099.00,"Health Technologists and Technicians, All Other"
3540,Other healthcare practitioners and technical occupations,19-5011.00,Occupational Health and Safety Specialists
3600,"Nursing, psychiatric, and home health aides",31-1131.00,Nursing Assistants
3610,Occupational therapy assistants and aides,31-2011.00,Occupational Therapy Assistants
3620,Physical therapist assistants and aides,31-2021.00,Physical Therapist Assistants
3630,Massage therapists,31-9011.00,Massage Therapists
3640,Dental assistants,31-9091.00,Dental Assistants
3645,Medical assistants,31-9092.00,Medical Assistants
3646,Medical transcriptionists,31-9094.00,Medical Transcriptionists
3647,Pharmacy aides,31-9095.00,Pharmacy Aides
3648,Veterinary assistants and laboratory animal caretakers,31-9096.00,Veterinary Assistants and Laboratory Animal Caretakers
3649,Phlebotomists,31-9097.00,Phlebotomists
3700,First-line supervisors of correctional officers,33-1011.00,First-Line Supervisors of Correctional Officers
3710,First-line supervisors of police and detectives,33-1012.00,First-Line Supervisors of Police and Detectives
3720,First-line supervisors of fire fighting and prevention workers,33-1021.00,First-Line Supervisors of Firefighting and Prevention Workers
3730,"First-line supervisors of protective service workers, all other",33-1091.00,First-Line Supervisors of Security Workers
3740,Firefighters,33-2011.00,Firefighters
3750,Fire inspectors,33-2021.00,Fire Inspectors and Investigators
3800,"Bailiffs, correctional officers, and jailers",33-3012.00,Correctional Officers and Jailers
3820,Detectives and criminal investigators,33-3021.00,Detectives and Criminal Investigators
3830,Fish and game wardens,33-3031.00,Fish and Game Wardens
3840,Parking enforcement workers,33-3041.00,Parking Enforcement Workers
3850,Police and sheriff's patrol officers,33-3051.00,Police and Sheriff's Patrol Officers
3860,Transit and railroad police,33-3052.00,Transit and Railroad Police
3900,Animal control workers,33-9011.00,Animal Control Workers
3910,Private detectives and investigators,33-9021.00,Private Detectives and Investigators
3930,Security guards and gaming surveillance officers,33-9032.00,Security Guards
3940,Crossing guards,33-9091.00,Crossing Guards and Flaggers
3945,Transportation security screeners,33-9093.00,Transportation Security Screeners
4000,Chefs and head cooks,35-1011.00,Chefs and Head Cooks
4010,First-line supervisors of food preparation and serving workers,35-1012.00,First-Line Supervisors of Food Preparation and Serving Workers
4020,Cooks,35-2014.00,"Cooks, Restaurant"
4030,Food preparation workers,35-2021.00,Food Preparation Workers
4040,Bartenders,35-3011.00,Bartenders
4050,"Combined food preparation and serving workers, including fast food",35-3023.00,Fast Food and Counter Workers
4060,"Counter attendants, cafeteria, food concession, and coffee shop",35-3023.00,Fast Food and Counter Workers
4110,Waiters and waitresses,35-3031.00,Waiters and Waitresses
4120,"Food servers, nonrestaurant",35-3041.00,"Food Servers, Nonrestaurant"
4130,Dining room and cafeteria attendants and bartender helpers,35-9011.00,Dining Room and Cafeteria Attendants and Bartender Helpers
4140,Dishwashers,35-9021.00,Dishwashers
4150,"Hosts and hostesses, restaurant, lounge, and coffee shop",35-9031.00,"Hosts and Hostesses, Restaurant, Lounge, and Coffee Shop"
4160,"Food preparation and serving related workers, all other",35-9099.00,"Food Preparation and Serving Related Workers, All Other"
4200,First-line supervisors of housekeeping and janitorial workers,37-1011.00,First-Line Supervisors of Housekeeping and Janitorial Workers
4210,"First-line supervisors of landscaping, lawn service, and groundskeeping workers",37-1012.00,"First-Line Supervisors of Landscaping, Lawn Service, and Groundskeeping Workers"
4230,Maids and housekeeping cleaners,37-2012.00,Maids and Housekeeping Cleaners
4240,Pest control workers,37-2021.00,Pest Control Workers
4250,Grounds maintenance workers,37-3011.00,Landscaping and Groundskeeping Workers
4300,First-line supervisors of gaming workers,39-1013.00,First-Line Supervisors of Gambling Services Workers
4320,First-line supervisors of personal service workers,39-1022.00,First-Line Supervisors of Personal Service Workers
4340,Animal trainers,39-2011.00,Animal Trainers
4350,Nonfarm animal caretakers,39-2021.00,Animal Caretakers
4400,Gaming services workers,39-3011.00,Gambling Dealers
4410,Motion picture projectionists,39-3021.00,Motion Picture Projectionists
4420,"Ushers, lobby attendants, and ticket takers",39-3031.00,"Ushers, Lobby Attendants, and Ticket Takers"
4430,Miscellaneous entertainment attendants and related workers,39-3091.00,Amusement and Recreation Attendants
4465,"Morticians, undertakers, and funeral directors",39-4031.00,"Morticians, Undertakers, and Funeral Arrangers"
4500,Barbers,39-5011.00,Barbers
4510,"Hairdressers, hairstylists, and cosmetologists",39-5012.00,"Hairdressers, Hairstylists, and Cosmetologists"
4520,Miscellaneous personal appearance workers,39-5092.00,Manicurists and Pedicurists
4530,"Baggage porters, bellhops, and concierges",39-6011.00,Baggage Porters and Bellhops
4540,Tour and travel guides,39-7011.00,Tour Guides and Escorts
4600,Childcare workers,39-9011.00,Childcare Workers
4610,Personal care aides,31-1122.00,Personal Care Aides
4620,Recreation and fitness workers,39-9032.00,Recreation Workers
4640,Residential advisors,39-9041.00,Residential Advisors
4650,"Personal care and service workers, all other",39-9099.00,"Personal Care and Service Workers, All Other"
4700,First-line supervisors of retail sales workers,41-1011.00,First-Line Supervisors of Retail Sales Workers
4710,First-line supervisors of non-retail sales workers,41-1012.00,First-Line Supervisors of Non-Retail Sales Workers
4720,Cashiers,41-2011.00,Cashiers
4740,Counter and rental clerks,41-2021.00,Counter and Rental Clerks
4750,Parts salespersons,41-2022.00,Parts Salespersons
4760,Retail salespersons,41-2031.00,Retail Salespersons
4800,Advertising sales agents,41-3011.00,Advertising Sales Agents
4810,Insurance sales agents,41-3021.00,Insurance Sales Agents
4820,"Securities, commodities, and financial services sales agents",41-3031.00,"Securities, Commodities, and Financial Services Sales Agents"
4830,Travel agents,41-3041.00,Travel Agents
4840,"Sales representatives, services, all other",41-3091.00,"Sales Representatives of Services, Except Advertising, Insurance, Financial Services, and Travel"
4850,"Sales representatives, wholesale and manufacturing",41-4012.00,"Sales Representatives, Wholesale and Manufacturing, Except Technical and Scientific Products"
4900,"Models, demonstrators, and product promoters",41-9011.00,Demonstrators and Product Promoters
4920,Real estate brokers and sales agents,41-9022.00,Real Estate Sales Agents
4930,Sales engineers,41-9031.00,Sales Engineers
4940,Telemarketers,41-9041.00,Telemarketers
4950,"Door-to-door sales workers, news and street vendors, and related workers",41-9091.00,"Door-to-Door Sales Workers, News and Street Vendors, and Related Workers"
4965,"Sales and related workers, all other",41-9099.00,"Sales and Related Workers, All Other"
5000,First-line supervisors of office and administrative support workers,43-1011.00,First-Line Supervisors of Office and Administrative Support Workers
5010,"Switchboard operators, including answering service",43-2011.00,"Switchboard Operators, Including Answering Service"
5020,Telephone operators,43-2021.00,Telephone Operators
5030,"Communications equipment operators, all other",43-2099.00,"Communications Equipment Operators, All Other"
5100,Bill and account collectors,43-3011.00,Bill and Account Collectors
5110,Billing and posting clerks,43-3021.00,Billing and Posting Clerks
5120,"Bookkeeping, accounting, and auditing clerks",43-3031.00,"Bookkeeping, Accounting, and Auditing Clerks"
5130,Gaming cage workers,43-3041.00,Gambling Cage Workers
5140,Payroll and timekeeping clerks,43-3051.00,Payroll and Timekeeping Clerks
5150,Procurement clerks,43-3061.00,Procurement Clerks
5160,Tellers,43-3071.00,Tellers
5165,"Financial clerks, all other",43-3099.00,"Financial Clerks, All Other"
5200,Brokerage clerks,43-4011.00,Brokerage Clerks
5210,Correspondence clerks,43-4021.00,Correspondence Clerks
5220,"Court, municipal, and license clerks",43-4031.00,"Court, Municipal, and License Clerks"
5230,"Credit authorizers, checkers, and clerks",43-4041.00,"Credit Authorizers, Checkers, and Clerks"
5240,Customer service representatives,43-4051.00,Customer Service Representatives
5250,"Eligibility interviewers, government programs",43-4061.00,"Eligibility Interviewers, Government Programs"
5260,File clerks,43-4071.00,File Clerks
5300,"Hotel, motel, and resort desk clerks",43-4081.00,"Hotel, Motel, and Resort Desk Clerks"
5310,"Interviewers, except eligibility and loan",43-4111.00,"Interviewers, Except Eligibility and Loan"
5320,"Library assistants, clerical",43-4121.00,"Library Assistants, Clerical"
5330,Loan interviewers and clerks,43-4131.00,Loan Interviewers and Clerks
5340,New accounts clerks,43-4141.00,New Accounts Clerks
5350,Order clerks,43-4151.00,Order Clerks
5360,"Human resources assistants, except payroll and timekeeping",43-4161.00,"Human Resources Assistants, Except Payroll and Timekeeping"
5400,Receptionists and information clerks,43-4171.00,Receptionists and Information Clerks
5410,Reservation and transportation ticket agents and travel clerks,43-4181.00,Reservation and Transportation Ticket Agents and Travel Clerks
5420,"Information and record clerks, all other",43-4199.00,"Information and Record Clerks, All Other"
5500,Cargo and freight agents,43-5011.00,Cargo and Freight Agents
5510,Couriers and messengers,43-5021.00,Couriers and Messengers
5520,Dispatchers,43-5032.00,"Dispatchers, Except Police, Fire, and Ambulance"
5530,"Meter readers, utilities",43-5041.00,"Meter Readers, Utilities"
5540,Postal service clerks,43-5051.00,Postal Service Clerks
5550,Postal service mail carriers,43-5052.00,Postal Service Mail Carriers
5560,"Postal service mail sorters, processors, and processing machine operators",43-5053.00,"Postal Service Mail Sorters, Processors, and Processing Machine Operators"
5600,"Production, planning, and expediting clerks",43-5061.00,"Production, Planning, and Expediting Clerks"
5610,"Shipping, receiving, and traffic clerks",43-5071.00,"Shipping, Receiving, and Inventory Clerks"
5620,Stock clerks and order fillers,53-7065.00,Stockers and Order Fillers
5630,"Weighers, measurers, checkers, and samplers, recordkeeping",43-5111.00,"Weighers, Measurers, Checkers, and Samplers, Recordkeeping"
5700,Secretaries and administrative assistants,43-6014.00,"Secretaries and Administrative Assistants, Except Legal, Medical, and Executive"
5800,Computer operators,15-1299.00,"Computer Occupations, All Other"
5810,Data entry keyers,43-9021.00,Data Entry Keyers
5820,Word processors and typists,43-9022.00,Word Processors and Typists
5830,Desktop publishers,43-9031.00,Desktop Publishers
5840,Insurance claims and policy processing clerks,43-9041.00,Insurance Claims and Policy Processing Clerks
5850,"Mail clerks and mail machine operators, except postal service",43-9051.00,"Mail Clerks and Mail Machine Operators, Except Postal Service"
5860,"Office clerks, general",43-9061.00,"Office Clerks, General"
5900,"Office machine operators, except computer",43-9071.00,"Office Machine Operators, Except Computer"
5910,Proofreaders and copy markers,43-9081.00,Proofreaders and Copy Markers
5920,Statistical assistants,43-9111.00,Statistical Assistants
5940,"Office and administrative support workers, all other",43-9199.00,"Office and Administrative Support Workers, All Other"
6005,"First-line supervisors of farming, fishing, and forestry workers",45-1011.00,"First-Line Supervisors of Farming, Fishing, and Forestry Workers"
6010,Agricultural inspectors,45-2011.00,Agricultural Inspectors
6020,Animal breeders,45-2021.00,Animal Breeders
6040,"Graders and sorters, agricultural products",45-2041.00,"Graders and Sorters, Agricultural Products"
6050,Miscellaneous agricultural workers,45-2092.00,"Farmworkers and Laborers, Crop, Nursery, and Greenhouse"
6100,Fishers and related fishing workers,45-3031.00,Fishing and Hunting Workers
6110,Hunters and trappers,45-3031.00,Fishing and Hunting Workers
6120,Forest and conservation workers,45-4011.00,Forest and Conservation Workers
6130,Logging workers,45-4022.00,Logging Equipment Operators
6200,First-line supervisors of construction trades and extraction workers,47-1011.00,First-Line Supervisors of Construction Trades and Extraction Workers
6210,Boilermakers,47-2011.00,Boilermakers
6220,"Brickmasons, blockmasons, and stonemasons",47-2021.00,Brickmasons and Blockmasons
6230,Carpenters,47-2031.00,Carpenters
6240,"Carpet, floor, and tile installers and finishers",47-2044.00,Tile and Stone Setters
6250,"Cement masons, concrete finishers, and terrazzo workers",47-2051.00,Cement Masons and Concrete Finishers
6260,Construction laborers,47-2061.00,Construction Laborers
6300,"Paving, surfacing, and tamping equipment operators",47-2071.00,"Paving, Surfacing, and Tamping Equipment Operators"
6310,Pile-driver operators,47-2072.00,Pile Driver Operators
6320,Operating engineers and other construction equipment operators,47-2073.00,Operating Engineers and Other Construction Equipment Operators
6330,"Drywall installers, ceiling tile installers, and tapers",47-2081.00,Drywall and Ceiling Tile Installers
6355,Electricians,47-2111.00,Electricians
6360,Glaziers,47-2121.00,Glaziers
6400,Insulation workers,47-2131.00,"Insulation Workers, Floor, Ceiling, and Wall"
6420,"Painters, construction and maintenance",47-2141.00,"Painters, Construction and Maintenance"
6430,Paperhangers,47-2142.00,Paperhangers
6440,"Pipelayers, plumbers, pipefitters, and steamfitters",47-2152.00,"Plumbers, Pipefitters, and Steamfitters"
6460,Plasterers and stucco masons,47-2161.00,Plasterers and Stucco Masons
6500,Reinforcing iron and rebar workers,47-2171.00,Reinforcing Iron and Rebar Workers
6515,Roofers,47-2181.00,Roofers
6520,Sheet metal workers,47-2211.00,Sheet Metal Workers
6530,Structural iron and steel workers,47-2221.00,Structural Iron and Steel Workers
6540,Solar photovoltaic installers,47-2231.00,Solar Photovoltaic Installers
6600,"Helpers, construction trades",47-3013.00,Helpers--Electricians
6660,Construction and building inspectors,47-4011.00,Construction and Building Inspectors
6700,Elevator installers and repairers,47-4021.00,Elevator and Escalator Installers and Repairers
6710,Fence erectors,47-4031.00,Fence Erectors
6720,Hazardous materials removal workers,47-4041.00,Hazardous Materials Removal Workers
6730,Highway maintenance workers,47-4051.00,Highway Maintenance Workers
6740,Rail-track laying and maintenance equipment operators,47-4061.00,Rail-Track Laying and Maintenance Equipment Operators
6750,Septic tank servicers and sewer pipe cleaners,47-4071.00,Septic Tank Servicers and Sewer Pipe Cleaners
6765,Miscellaneous construction and related workers,47-4099.00,"Construction and Related Workers, All Other"
6800,"Derrick, rotary drill, and service unit operators, oil, gas, and mining",47-5013.00,"Service Unit Operators, Oil and Gas"
6820,"Earth drillers, except oil and gas",47-5023.00,"Earth Drillers, Except Oil and Gas"
6830,"Explosives workers, ordnance handling experts, and blasters",47-5032.00,"Explosives Workers, Ordnance Handling Experts, and Blasters"
6840,Mining machine operators,47-5041.00,Continuous Mining Machine Operators
6910,"Roof bolters, mining",47-5043.00,"Roof Bolters, Mining"
6920,"Roustabouts, oil and gas",47-5071.00,"Roustabouts, Oil and Gas"
6930,Helpers—extraction workers,47-5081.00,Helpers--Extraction Workers
7000,"First-line supervisors of mechanics, installers, and repairers",49-1011.00,"First-Line Supervisors of Mechanics, Installers, and Repairers"
7010,"Computer, automated teller, and office machine repairers",49-2011.00,"Computer, Automated Teller, and Office Machine Repairers"
7020,Radio and telecommunications equipment installers and repairers,49-2022.00,"Telecommunications Equipment Installers and Repairers, Except Line Installers"
7030,Avionics technicians,49-2091.00,Avionics Technicians
7040,"Electric motor, power tool, and related repairers",49-2092.00,"Electric Motor, Power Tool, and Related Repairers"
7050,"Electrical and electronics installers and repairers, transportation equipment",49-2093.00,"Electrical and Electronics Installers and Repairers, Transportation Equipment"
7110,"Electronic equipment installers and repairers, motor vehicles",49-2096.00,"Electronic Equipment Installers and Repairers, Motor Vehicles"
7120,Electronic home entertainment equipment installers and repairers,49-2097.00,Audiovisual Equipment Installers and Repairers
7130,Security and fire alarm systems installers,49-2098.00,Security and Fire Alarm Systems Installers
7140,Aircraft mechanics and service technicians,49-3011.00,Aircraft Mechanics and Service Technicians
7150,Automotive body and related repairers,49-3021.00,Automotive Body and Related Repairers
7160,Automotive glass installers and repairers,49-3022.00,Automotive Glass Installers and Repairers
7200,Automotive service technicians and mechanics,49-3023.00,Automotive Service Technicians and Mechanics
7210,Bus and truck mechanics and diesel engine specialists,49-3031.00,Bus and Truck Mechanics and Diesel Engine Specialists
7220,Heavy vehicle and mobile equipment service technicians and mechanics,49-3042.00,"Mobile Heavy Equipment Mechanics, Except Engines"
7240,Small engine mechanics,49-3053.00,Outdoor Power Equipment and Other Small Engine Mechanics
7260,"Miscellaneous vehicle and mobile equipment mechanics, installers, and repairers",49-3093.00,Tire Repairers and Changers
7300,Control and valve installers and repairers,49-9012.00,"Control and Valve Installers and Repairers, Except Mechanical Door"
7315,"Heating, air conditioning, and refrigeration mechanics and installers",49-9021.00,"Heating, Air Conditioning, and Refrigeration Mechanics and Installers"
7320,Home appliance repairers,49-9031.00,Home Appliance Repairers
7340,"Maintenance and repair workers, general",49-9071.00,"Maintenance and Repair Workers, General"
7350,"Maintenance workers, machinery",49-9043.00,"Maintenance Workers, Machinery"
7360,Millwrights,49-9044.00,Millwrights
7410,Electrical power-line installers and repairers,49-9051.00,Electrical Power-Line Installers and Repairers
7420,Telecommunications line installers and repairers,49-9052.00,Telecommunications Line Installers and Repairers
7430,Precision instrument and equipment repairers,49-9062.00,Medical Equipment Repairers
7440,Wind turbine service technicians,49-9081.00,Wind Turbine Service Technicians
7510,"Coin, vending, and amusement machine servicers and repairers",49-9091.00,"Coin, Vending, and Amusement Machine Servicers and Repairers"
7520,Commercial divers,49-9092.00,Commercial Divers
7540,Locksmiths and safe repairers,49-9094.00,Locksmiths and Safe Repairers
7550,Manufactured building and mobile home installers,49-9095.00,Manufactured Building and Mobile Home Installers
7560,Riggers,49-9096.00,Riggers
7600,Signal and track switch repairers,49-9097.00,Signal and Track Switch Repairers
7610,"Helpers—installation, maintenance, and repair workers",49-9098.00,"Helpers--Installation, Maintenance, and Repair Workers"
7700,First-line supervisors of production and operating workers,51-1011.00,First-Line Supervisors of Production and Operating Workers
7710,"Aircraft structure, surfaces, rigging, and systems assemblers",51-2011.00,"Aircraft Structure, Surfaces, Rigging, and Systems Assemblers"
7720,"Electrical, electronics, and electromechanical assemblers",51-2022.00,Electrical and Electronic Equipment Assemblers
7730,Engine and other machine assemblers,51-2031.00,Engine and Other Machine Assemblers
7740,Structural metal fabricators and fitters,51-2041.00,Structural Metal Fabricators and Fitters
7750,Miscellaneous assemblers and fabricators,51-2092.00,Team Assemblers
7800,Bakers,51-3011.00,Bakers
7810,"Butchers and other meat, poultry, and fish processing workers",51-3022.00,"Meat, Poultry, and Fish Cutters and Trimmers"
7830,"Food and tobacco roasting, baking, and drying machine operators and tenders",51-3091.00,"Food and Tobacco Roasting, Baking, and Drying Machine Operators and Tenders"
7840,Food batchmakers,51-3092.00,Food Batchmakers
7850,Food cooking machine operators and tenders,51-3093.00,Food Cooking Machine Operators and Tenders
7855,"Food processing workers, all other",51-3099.00,"Food Processing Workers, All Other"
7900,Computer control programmers and operators,51-9161.00,Computer Numerically Controlled Tool Operators
7920,"Extruding and drawing machine setters, operators, and tenders, metal and plastic",51-4021.00,"Extruding and Drawing Machine Setters, Operators, and Tenders, Metal and Plastic"
7930,"Forging machine setters, operators, and tenders, metal and plastic",51-4022.00,"Forging Machine Setters, Operators, and Tenders, Metal and Plastic"
7940,"Rolling machine setters, operators, and tenders, metal and plastic",51-4023.00,"Rolling Machine Setters, Operators, and Tenders, Metal and Plastic"
7950,"Cutting, punching, and press machine setters, operators, and tenders, metal and plastic",51-4031.00,"Cutting, Punching, and Press Machine Setters, Operators, and Tenders, Metal and Plastic"
7960,"Drilling and boring machine tool setters, operators, and tenders, metal and plastic",51-4032.00,"Drilling and Boring Machine Tool Setters, Operators, and Tenders, Metal and Plastic"
8000,"Grinding, lapping, polishing, and buffing machine tool setters, operators, and tenders, metal and plastic",51-4033.00,"Grinding, Lapping, Polishing, and Buffing Machine Tool Setters, Operators, and Tenders, Metal and Plastic"
8010,"Lathe and turning machine tool setters, operators, and tenders, metal and plastic",51-4034.00,"Lathe and Turning Machine Tool Setters, Operators, and Tenders, Metal and Plastic"
8020,"Milling and planing machine setters, operators, and tenders, metal and plastic",51-4035.00,"Milling and Planing Machine Setters, Operators, and Tenders, Metal and Plastic"
8030,Machinists,51-4041.00,Machinists
8040,"Metal furnace operators, tenders, pourers, and casters",51-4051.00,Metal-Refining Furnace Operators and Tenders
8060,"Model makers and patternmakers, metal and plastic",51-4061.00,"Model Makers, Metal and Plastic"
8100,"Molders and molding machine setters, operators, and tenders, metal and plastic",51-4072.00,"Molding, Coremaking, and Casting Machine Setters, Operators, and Tenders, Metal and Plastic"
8120,"Multiple machine tool setters, operators, and tenders, metal and plastic",51-4081.00,"Multiple Machine Tool Setters, Operators, and Tenders, Metal and Plastic"
8130,Tool and die makers,51-4111.00,Tool and Die Makers
8140,"Welding, soldering, and brazing workers",51-4121.00,"Welders, Cutters, Solderers, and Brazers"
8150,"Heat treating equipment setters, operators, and tenders, metal and plastic",51-4191.00,"Heat Treating Equipment Setters, Operators, and Tenders, Metal and Plastic"
8160,"Layout workers, metal and plastic",51-4192.00,"Layout Workers, Metal and Plastic"
8200,"Plating and coating machine setters, operators, and tenders, metal and plastic",51-4193.00,"Plating Machine Setters, Operators, and Tenders, Metal and Plastic"
8210,"Tool grinders, filers, and sharpeners",51-4194.00,"Tool Grinders, Filers, and Sharpeners"
8220,"Metal workers and plastic workers, all other",51-4199.00,"Metal Workers and Plastic Workers, All Other"
8250,Prepress technicians and workers,51-5111.00,Prepress Technicians and Workers
8255,Printing press operators,51-5112.00,Printing Press Operators
8256,Print binding and finishing workers,51-5113.00,Print Binding and Finishing Workers
8300,Laundry and dry-cleaning workers,51-6011.00,Laundry and Dry-Cleaning Workers
8310,"Pressers, textile, garment, and related materials",51-6021.00,"Pressers, Textile, Garment, and Related Materials"
8320,Sewing machine operators,51-6031.00,Sewing Machine Operators
8330,Shoe and leather workers and repairers,51-6041.00,Shoe and Leather Workers and Repairers
8340,Shoe machine operators and tenders,51-6042.00,Shoe Machine Operators and Tenders
8350,"Tailors, dressmakers, and sewers",51-6052.00,"Tailors, Dressmakers, and Custom Sewers"
8360,Textile bleaching and dyeing machine operators and tenders,51-6061.00,Textile Bleaching and Dyeing Machine Operators and Tenders
8400,"Textile cutting machine setters, operators, and tenders",51-6062.00,"Textile Cutting Machine Setters, Operators, and Tenders"
8410,"Textile knitting and weaving machine setters, operators, and tenders",51-6063.00,"Textile Knitting and Weaving Machine Setters, Operators, and Tenders"
8420,"Textile winding, twisting, and drawing out machine setters, operators, and tenders",51-6064.00,"Textile Winding, Twisting, and Drawing Out Machine Setters, Operators, and Tenders"
8430,"Extruding and forming machine setters, operators, and tenders, synthetic and glass fibers",51-6091.00,"Extruding and Forming Machine Setters, Operators, and Tenders, Synthetic and Glass Fibers"
8440,Fabric and apparel patternmakers,51-6092.00,Fabric and Apparel Patternmakers
8450,Upholsterers,51-6093.00,Upholsterers
8460,"Textile, apparel, and furnishings workers, all other",51-6099.00,"Textile, Apparel, and Furnishings Workers, All Other"
8500,Cabinetmakers and bench carpenters,51-7011.00,Cabinetmakers and Bench Carpenters
8510,Furniture finishers,51-7021.00,Furniture Finishers
8520,"Model makers and patternmakers, wood",51-7031.00,"Model Makers, Wood"
8530,"Sawing machine setters, operators, and tenders, wood",51-7041.00,"Sawing Machine Setters, Operators, and Tenders, Wood"
8540,"Woodworking machine setters, operators, and tenders, except sawing",51-7042.00,"Woodworking Machine Setters, Operators, and Tenders, Except Sawing"
8550,"Woodworkers, all other",51-7099.00,"Woodworkers, All Other"
8600,"Power plant operators, distributors, and dispatchers",51-8013.00,Power Plant Operators
8610,Stationary engineers and boiler operators,51-8021.00,Stationary Engineers and Boiler Operators
8620,Water and wastewater treatment plant and system operators,51-8031.00,Water and Wastewater Treatment Plant and System Operators
8630,Miscellaneous plant and system operators,51-8093.00,"Petroleum Pump System Operators, Refinery Operators, and Gaugers"
8640,"Chemical processing machine setters, operators, and tenders",51-9011.00,Chemical Equipment Operators and Tenders
8650,"Crushing, grinding, polishing, mixing, and blending workers",51-9023.00,"Mixing and Blending Machine Setters, Operators, and Tenders"
8710,Cutting workers,51-9032.00,"Cutting and Slicing Machine Setters, Operators, and Tenders"
8720,"Extruding, forming, pressing, and compacting machine setters, operators, and tenders",51-9041.00,"Extruding, Forming, Pressing, and Compacting Machine Setters, Operators, and Tenders"
8730,"Furnace, kiln, oven, drier, and kettle operators and tenders",51-9051.00,"Furnace, Kiln, Oven, Drier, and Kettle Operators and Tenders"
8740,"Inspectors, testers, sorters, samplers, and weighers",51-9061.00,"Inspectors, Testers, Sorters, Samplers, and Weighers"
8750,Jewelers and precious stone and metal workers,51-9071.00,Jewelers and Precious Stone and Metal Workers
8760,"Medical, dental, and ophthalmic laboratory technicians",51-9081.00,Dental Laboratory Technicians
8800,Packaging and filling machine operators and tenders,51-9111.00,Packaging and Filling Machine Operators and Tenders
8810,Painting workers,51-9124.00,"Coating, Painting, and Spraying Machine Setters, Operators, and Tenders"
8830,Photographic process workers and processing machine operators,51-9151.00,Photographic Process Workers and Processing Machine Operators
8840,Semiconductor processors,51-9141.00,Semiconductor Processing Technicians
8850,Adhesive bonding machine operators and tenders,51-9191.00,Adhesive Bonding Machine Operators and Tenders
8860,"Cleaning, washing, and metal pickling equipment operators and tenders",51-9192.00,"Cleaning, Washing, and Metal Pickling Equipment Operators and Tenders"
8900,Cooling and freezing equipment operators and tenders,51-9193.00,Cooling and Freezing Equipment Operators and Tenders
8910,Etchers and engravers,51-9194.00,Etchers and Engravers
8920,"Molders, shapers, and casters, except metal and plastic",51-9195.00,"Molders, Shapers, and Casters, Except Metal and Plastic"
8930,"Paper goods machine setters, operators, and tenders",51-9196.00,"Paper Goods Machine Setters, Operators, and Tenders"
8940,Tire builders,51-9197.00,Tire Builders
8950,Helpers—production workers,51-9198.00,Helpers--Production Workers
8965,"Production workers, all other",51-9199.00,"Production Workers, All Other"
9000,Supervisors of transportation and material moving workers,53-1043.00,First-Line Supervisors of Material-Moving Machine and Vehicle Operators
9030,Aircraft pilots and flight engineers,53-2011.00,"Airline Pilots, Copilots, and Flight Engineers"
9040,Air traffic controllers and airfield operations specialists,53-2021.00,Air Traffic Controllers
9050,Flight attendants,53-2031.00,Flight Attendants
9110,"Ambulance drivers and attendants, except emergency medical technicians",53-3011.00,"Ambulance Drivers and Attendants, Except Emergency Medical Technicians"
9120,Bus drivers,53-3051.00,"Bus Drivers, School"
9130,Driver/sales workers and truck drivers,53-3032.00,Heavy and Tractor-Trailer Truck Drivers
9140,Taxi drivers and chauffeurs,53-3053.00,Shuttle Drivers and Chauffeurs
9150,"Motor vehicle operators, all other",53-3099.00,"Motor Vehicle Operators, All Other"
9200,Locomotive engineers and operators,53-4011.00,Locomotive Engineers
9230,"Railroad brake, signal, and switch operators",53-4022.00,"Railroad Brake, Signal, and Switch Operators and Locomotive Firers"
9240,Railroad conductors and yardmasters,53-4031.00,Railroad Conductors and Yardmasters
9300,Sailors and marine oilers,53-5011.00,Sailors and Marine Oilers
9310,Ship and boat captains and operators,53-5021.00,"Captains, Mates, and Pilots of Water Vessels"
9330,Ship engineers,53-5031.00,Ship Engineers
9340,Bridge and lock tenders,53-6011.00,Bridge and Lock Tenders
9350,Parking lot attendants,53-6021.00,Parking Attendants
9360,Automotive and watercraft service attendants,53-6031.00,Automotive and Watercraft Service Attendants
9410,Transportation inspectors,53-6051.00,Transportation Inspectors
9415,"Transportation attendants, except flight attendants",53-6061.00,Passenger Attendants
9500,Conveyor operators and tenders,53-7011.00,Conveyor Operators and Tenders
9510,Crane and tower operators,53-7021.00,Crane and Tower Operators
9520,"Dredge, excavating, and loading machine operators",47-5022.00,"Excavating and Loading Machine and Dragline Operators, Surface Mining"
9560,Hoist and winch operators,53-7041.00,Hoist and Winch Operators
9600,Industrial truck and tractor operators,53-7051.00,Industrial Truck and Tractor Operators
9610,Cleaners of vehicles and equipment,53-7061.00,Cleaners of Vehicles and Equipment
9620,"Laborers and freight, stock, and material movers, hand",53-7062.00,"Laborers and Freight, Stock, and Material Movers, Hand"
9630,Machine feeders and offbearers,53-7063.00,Machine Feeders and Offbearers
9640,"Packers and packagers, hand",53-7064.00,"Packers and Packagers, Hand"
9650,Pumping station operators,53-7073.00,Wellhead Pumpers
9720,Refuse and recyclable material collectors,53-7081.00,Refuse and Recyclable Material Collectors
9730,Mine shuttle car operators,47-5044.00,"Loading and Moving Machine Operators, Underground Mining"
9740,"Tank car, truck, and ship loaders",53-7121.00,"Tank Car, Truck, and Ship Loaders"
9750,"Material moving workers, all other",53-7199.00,"Material Moving Workers, All Other"
1020,"Software developers, applications and systems software",15-1252.00,Software Developers
2025,"Miscellaneous community and social service specialists, including health educators and community health workers",21-1099.00,"Community and Social Service Specialists, All Other"
2550,"Other education, training, and library workers",25-9031.00,Instructional Coordinators
3655,"Miscellaneous healthcare support occupations, including medical equipment preparers",31-9099.00,"Healthcare Support Workers, All Other"
3955,"Lifeguards and other recreational, and all other protective service workers",33-9099.00,"Protective Service Workers, All Other"
4220,Janitors and building cleaners,37-2011.00,"Janitors and Cleaners, Except Maids and Housekeeping Cleaners"
4460,Embalmers and funeral attendants,39-4021.00,Funeral Attendants
6940,Other extraction workers,47-5099.00,"Extraction Workers, All Other"
7100,"Electrical and electronics repairers, industrial and utility",49-2094.00,"Electrical and Electronics Repairers, Commercial and Industrial Equipment"
7330,Industrial and refractory machinery mechanics,49-9041.00,Industrial Machinery Mechanics
7630,"Other installation, maintenance, and repair workers",49-9099.00,"Installation, Maintenance, and Repair Workers, All Other"
9260,"Subway, streetcar, and other rail transportation workers",53-4041.00,Subway and Streetcar Operators
9420,Other transportation workers,53-6099.00,"Transportation Workers, All Other"
